model_name,randsearch_time
ridge_weights,0.40549182891845703
ridge_noweights,0.20052003860473633
ridge_unscaled,0.3195493221282959
