model_name,randsearch_time
rf_scaled,19.755844116210938
rf_unscaled,12.663516998291016
