model_name,randsearch_time
ridge_weights,3.0473902225494385
ridge_noweights,0.6688928604125977
ridge_unscaled,0.6993389129638672
